"year","count","mean","success","income_c","RestaurantsPriceRange2","RestaurantsTableService","QuietLevel","postal_code"
"2021",80,2.175,0,0.633724047049044,2,1,2,93101
"2021",50,4.08,1,0.633724047049044,2,1,2,93101
"2021",80,4.525,1,0.633724047049044,2,1,0,93101
"2021",44,3.88636363636364,0,0.633724047049044,2,1,2,93101
"2021",29,3.75862068965517,0,0.633724047049044,2,0,3,93101
"2021",14,2.5,0,0.633724047049044,1,0,2,93101
"2021",9,4.11111111111111,0,0.633724047049044,1,0,2,93101
"2021",17,4.82352941176471,0,0.633724047049044,2,0,0,93101
"2021",219,4.17351598173516,1,0.633724047049044,2,1,2,93101
"2021",4,5,0,0.633724047049044,2,0,0,93101
"2021",24,3.625,0,0.633724047049044,2,0,2,93101
"2021",8,4.75,0,0.633724047049044,1,0,2,93101
"2021",35,4.4,1,0.633724047049044,2,1,2,93101
"2021",19,3.42105263157895,0,0.633724047049044,2,1,2,93101
"2021",42,4.14285714285714,1,0.633724047049044,2,0,2,93101
"2021",17,4.47058823529412,0,0.633724047049044,2,0,0,93101
"2021",68,4.33823529411765,1,0.633724047049044,1,0,0,93101
"2021",8,4.125,0,0.633724047049044,1,0,0,93101
"2021",25,3.52,0,0.633724047049044,2,1,2,93101
"2021",5,3.2,0,0.633724047049044,1,0,0,93101
"2021",1,5,0,0.633724047049044,1,0,1,93101
"2021",19,3.05263157894737,0,0.633724047049044,2,1,2,93101
"2021",39,3.17948717948718,0,0.633724047049044,2,1,2,93101
"2021",116,4.4051724137931,1,0.633724047049044,3,1,2,93101
"2021",40,4.425,1,0.633724047049044,3,1,2,93101
"2021",8,4.75,0,0.633724047049044,2,0,2,93101
"2021",16,3.9375,0,0.633724047049044,2,0,2,93101
"2021",16,4.375,0,0.633724047049044,0,0,0,93101
"2021",7,3.28571428571429,0,0.633724047049044,2,0,0,93101
"2021",3,3.66666666666667,0,0.633724047049044,1,0,0,93101
"2021",9,4.55555555555556,0,0.633724047049044,2,1,2,93101
"2021",19,4.63157894736842,0,0.633724047049044,2,1,2,93101
"2021",134,4.16417910447761,1,0.633724047049044,2,1,2,93101
"2021",38,4.18421052631579,1,0.633724047049044,2,0,2,93101
"2021",2,1,0,0.633724047049044,2,0,2,93101
"2021",12,2.33333333333333,0,0.633724047049044,1,0,2,93101
"2021",87,4.62068965517241,1,0.633724047049044,1,0,2,93101
"2021",14,3.78571428571429,0,0.633724047049044,2,1,2,93101
"2021",35,3.65714285714286,0,0.633724047049044,2,1,2,93101
"2021",2,4.5,0,0.633724047049044,2,0,1,93101
"2021",17,3.94117647058824,0,0.633724047049044,1,0,0,93101
"2021",75,3.53333333333333,0,0.633724047049044,2,1,2,93101
"2021",27,4.44444444444444,1,0.633724047049044,2,0,2,93101
"2021",19,4.10526315789474,0,0.633724047049044,2,0,2,93101
"2021",23,4.52173913043478,1,0.633724047049044,1,0,2,93101
"2021",29,3.79310344827586,0,0.633724047049044,2,1,2,93101
"2021",100,4.02,1,0.633724047049044,2,1,2,93101
"2021",17,4.58823529411765,0,0.633724047049044,2,1,2,93101
"2021",18,2.44444444444444,0,0.633724047049044,2,0,2,93101
"2021",44,4.09090909090909,1,0.633724047049044,2,1,2,93101
"2021",71,4.52112676056338,1,0.633724047049044,2,1,2,93101
"2021",40,2.95,0,0.633724047049044,2,1,2,93101
"2021",93,3.53763440860215,0,0.633724047049044,2,0,2,93101
"2021",14,3.64285714285714,0,0.633724047049044,2,0,2,93101
"2021",26,4.23076923076923,1,0.633724047049044,2,1,2,93101
"2021",36,4.11111111111111,1,0.633724047049044,2,0,2,93101
"2021",106,3.77358490566038,0,0.633724047049044,2,1,2,93101
"2021",6,4.33333333333333,0,0.633724047049044,1,0,0,93101
"2021",229,3.99563318777293,0,0.633724047049044,2,1,1,93101
"2021",25,4.64,1,0.633724047049044,2,1,2,93101
"2021",7,2.57142857142857,0,0.633724047049044,2,0,1,93101
"2021",83,3.78313253012048,0,0.633724047049044,2,0,1,93101
"2021",8,4.125,0,0.633724047049044,1,0,2,93101
"2021",196,4.04081632653061,1,0.633724047049044,2,1,2,93101
"2021",12,3.83333333333333,0,0.633724047049044,2,1,2,93101
"2021",20,4.1,1,0.633724047049044,1,0,2,93101
"2021",28,3.60714285714286,0,0.633724047049044,2,0,0,93101
"2021",19,4.1578947368421,0,0.633724047049044,2,0,2,93101
"2021",4,5,0,0.633724047049044,2,0,2,93101
"2021",23,4.17391304347826,1,0.633724047049044,2,1,3,93101
"2021",113,4.09734513274336,1,0.633724047049044,2,0,2,93101
"2021",19,4.26315789473684,0,0.633724047049044,0,0,0,93101
"2021",39,4.61538461538461,1,0.633724047049044,2,0,2,93101
"2021",2,4.5,0,0.633724047049044,2,0,2,93101
"2021",14,4.64285714285714,0,0.633724047049044,2,0,2,93101
"2021",16,4.25,0,0.633724047049044,2,1,2,93101
"2021",27,3.33333333333333,0,0.633724047049044,2,1,3,93101
"2021",7,3.42857142857143,0,0.633724047049044,2,0,2,93101
"2021",44,2.75,0,0.633724047049044,2,0,2,93101
"2021",35,3.05714285714286,0,0.633724047049044,1,0,2,93101
"2021",205,4.45365853658537,1,0.633724047049044,3,1,2,93101
"2021",21,4.66666666666667,1,0.633724047049044,2,1,2,93101
"2021",71,4.01408450704225,0,0.633724047049044,2,1,2,93101
"2021",91,4.35164835164835,1,0.633724047049044,2,0,2,93101
"2021",27,3.81481481481481,0,0.633724047049044,2,0,2,93101
"2021",47,3.78723404255319,0,0.633724047049044,2,1,1,93101
"2021",5,4.2,0,0.633724047049044,2,0,0,93101
"2021",42,3.73809523809524,0,0.633724047049044,2,1,2,93101
"2021",24,4.33333333333333,1,0.633724047049044,2,1,2,93101
"2021",5,5,0,0.633724047049044,0,0,0,93101
"2021",38,3.94736842105263,0,0.633724047049044,2,0,2,93101
"2021",5,5,0,0.633724047049044,2,1,2,93101
"2021",22,4.04545454545455,1,0.633724047049044,2,0,1,93101
"2021",12,4.16666666666667,0,0.633724047049044,2,0,2,93101
"2021",258,3.81782945736434,0,0.633724047049044,2,0,2,93101
"2021",14,4.64285714285714,0,0.633724047049044,2,0,0,93101
"2021",65,3.49230769230769,0,0.633724047049044,2,0,2,93101
"2021",9,4.11111111111111,0,0.633724047049044,2,0,2,93101
"2021",31,2.67741935483871,0,0.633724047049044,2,0,2,93101
"2021",20,2.45,0,0.633724047049044,2,1,2,93101
"2021",6,3,0,0.633724047049044,0,0,0,93101
"2021",2,3.5,0,0.633724047049044,1,0,2,93101
"2021",49,3.91836734693878,0,0.633724047049044,3,1,2,93101
"2021",10,4.9,0,0.633724047049044,2,0,0,93101
"2021",10,4.8,0,0.633724047049044,1,0,3,93101
"2021",31,3.90322580645161,0,0.633724047049044,1,0,2,93101
"2021",40,3.75,0,0.633724047049044,2,0,2,93101
"2021",49,4.14285714285714,1,0.633724047049044,1,0,2,93101
"2021",3,5,0,0.633724047049044,0,0,0,93101
"2021",14,4.35714285714286,0,0.633724047049044,2,0,2,93101
"2021",31,4.54838709677419,1,0.633724047049044,2,0,2,93101
"2021",32,4.09375,1,0.633724047049044,2,0,3,93101
"2021",15,3.66666666666667,0,0.633724047049044,2,1,2,93101
"2021",95,4.08421052631579,1,0.633724047049044,2,1,2,93101
"2021",183,4.09289617486339,1,0.633724047049044,3,1,2,93101
"2021",51,4.13725490196078,1,0.633724047049044,2,1,2,93101
"2021",59,4.03389830508475,1,0.633724047049044,2,1,2,93101
"2021",1,1,0,0.633724047049044,2,0,2,93101
"2021",80,4.0875,1,0.633724047049044,2,1,2,93101
"2021",50,4.38,1,0.633724047049044,2,1,2,93101
"2021",25,4.56,1,0.633724047049044,2,0,2,93101
"2021",68,4.30882352941176,1,0.633724047049044,2,0,2,93101
"2021",94,4.03191489361702,1,0.633724047049044,3,1,2,93101
"2021",1,4,0,0.633724047049044,2,1,2,93101
"2021",29,4.3448275862069,1,0.633724047049044,2,0,2,93101
"2021",1,5,0,0.633724047049044,2,1,2,93101
"2021",9,2.11111111111111,0,0.633724047049044,1,0,2,93101
"2021",62,4.12903225806452,1,0.633724047049044,2,1,2,93101
"2021",70,4.32857142857143,1,0.633724047049044,2,0,2,93101
"2021",85,4.42352941176471,1,0.633724047049044,2,0,1,93101
"2021",65,4.33846153846154,1,0.633724047049044,2,1,0,93101
"2021",20,4.5,1,0.633724047049044,2,1,2,93101
"2021",157,3.85987261146497,0,0.633724047049044,2,1,2,93101
"2021",46,4.8695652173913,1,0.633724047049044,2,0,0,93101
"2021",3,5,0,0.633724047049044,2,0,2,93101
"2021",32,3.96875,0,0.633724047049044,2,0,2,93101
"2021",59,4.40677966101695,1,0.633724047049044,2,0,2,93101
"2021",5,4.8,0,0.633724047049044,0,0,0,93101
"2021",103,4.32038834951456,1,0.633724047049044,2,1,2,93101
"2021",15,4.93333333333333,0,0.633724047049044,2,1,2,93101
"2021",48,4.79166666666667,1,0.633724047049044,1,1,0,93101
"2021",10,3.9,0,0.633724047049044,2,0,2,93101
"2021",25,4.28,1,0.633724047049044,2,1,2,93101
"2021",40,2.7,0,0.633724047049044,2,0,2,93101
"2021",21,4.85714285714286,1,0.633724047049044,2,0,3,93101
"2021",1,5,0,0.633724047049044,2,0,0,93101
"2021",56,4.53571428571429,1,0.633724047049044,1,0,2,93101
"2021",11,3.45454545454545,0,0.633724047049044,2,0,2,93101
"2021",73,3.3013698630137,0,0.633724047049044,2,1,2,93101
"2021",70,4.65714285714286,1,0.633724047049044,2,0,2,93101
"2021",214,4.30373831775701,1,0.633724047049044,2,1,2,93101
"2021",51,3.52941176470588,0,0.633724047049044,2,1,2,93101
"2021",105,4.32380952380952,1,0.633724047049044,3,1,2,93101
"2021",48,3.79166666666667,0,0.633724047049044,3,1,0,93101
"2021",23,3.69565217391304,0,0.633724047049044,2,1,2,93101
"2021",1,5,0,0.633724047049044,0,0,0,93101
"2021",12,4.08333333333333,0,0.633724047049044,0,1,1,93101
"2021",5,4.4,0,0.633724047049044,1,0,1,93101
"2021",18,3.61111111111111,0,0.633724047049044,2,1,0,93101
"2021",38,3.13157894736842,0,0.633724047049044,2,0,2,93101
"2021",32,4.875,1,0.633724047049044,2,0,0,93101
"2021",19,3.63157894736842,0,0.633724047049044,2,1,3,93101
"2021",13,4.46153846153846,0,0.633724047049044,4,1,3,93101
"2021",26,3.73076923076923,0,0.633724047049044,2,1,3,93101
"2021",99,4.19191919191919,1,0.633724047049044,2,1,2,93101
"2021",108,4.25925925925926,1,0.633724047049044,3,1,2,93101
"2021",13,3.61538461538462,0,0.633724047049044,2,0,2,93101
"2021",21,4.33333333333333,1,0.633724047049044,2,0,2,93101
"2021",58,3,0,0.633724047049044,0,1,0,93101
"2021",114,4.32456140350877,1,0.633724047049044,2,1,2,93101
"2021",25,4.2,1,0.633724047049044,2,0,2,93101
"2021",1,5,0,0.633724047049044,2,0,1,93101
"2021",2,3,0,0.633724047049044,1,0,1,93101
"2021",10,3.7,0,0.633724047049044,2,0,3,93101
"2021",10,3.9,0,0.633724047049044,3,1,2,93101
"2021",3,3,0,0.633724047049044,1,0,3,93101
"2021",20,3.3,0,0.633724047049044,2,1,0,93101
"2021",273,4.15384615384615,1,0.633724047049044,2,0,2,93101
"2021",199,4.1105527638191,1,0.633724047049044,2,1,2,93101
"2021",7,4.85714285714286,0,0.633724047049044,1,0,2,93101
"2021",14,2.64285714285714,0,0.633724047049044,2,1,2,93101
"2021",45,3.84444444444444,0,0.633724047049044,3,1,2,93101
"2021",19,4.31578947368421,0,0.633724047049044,1,0,1,93101
"2021",2,5,0,0.633724047049044,0,0,0,93101
"2021",11,4.72727272727273,0,0.633724047049044,0,0,3,93101
"2021",152,3.64473684210526,0,0.633724047049044,2,1,2,93101
"2021",19,4.47368421052632,0,0.633724047049044,1,0,2,93101
"2021",20,3.5,0,-1.05015119760523,4,0,2,93103
"2021",5,3,0,-1.05015119760523,1,0,0,93103
"2021",117,4.04273504273504,1,-1.05015119760523,1,0,2,93103
"2021",11,4.27272727272727,0,-1.05015119760523,2,0,2,93103
"2021",4,2.25,0,-1.05015119760523,2,0,2,93103
"2021",3,4,0,-1.05015119760523,1,0,3,93103
"2021",8,2.75,0,-1.05015119760523,1,0,2,93103
"2021",34,3.32352941176471,0,-1.05015119760523,3,1,3,93103
"2021",3,2.33333333333333,0,-1.05015119760523,1,0,2,93103
"2021",9,4.44444444444444,0,-1.05015119760523,2,0,2,93103
"2021",9,4.11111111111111,0,-1.05015119760523,1,0,2,93103
"2021",32,4.1875,1,-1.05015119760523,2,0,2,93103
"2021",4,4.25,0,-1.05015119760523,1,0,2,93103
"2021",94,3.74468085106383,0,-1.05015119760523,2,1,2,93103
"2021",5,1.8,0,-1.05015119760523,1,0,2,93103
"2021",10,4,0,-1.05015119760523,1,0,2,93103
"2021",7,4.28571428571429,0,-1.05015119760523,2,0,0,93103
"2021",122,4.18032786885246,1,-1.05015119760523,2,0,2,93103
"2021",24,4.375,1,-1.05015119760523,1,0,2,93103
"2021",27,3.77777777777778,0,-1.05015119760523,1,0,0,93103
"2021",21,4.57142857142857,1,-1.05015119760523,1,0,2,93103
"2021",8,2.25,0,-1.05015119760523,1,0,2,93103
"2021",16,4.375,0,-1.05015119760523,2,0,2,93103
"2021",3,2.33333333333333,0,-1.05015119760523,2,0,2,93103
"2021",23,4.17391304347826,1,-1.05015119760523,2,0,2,93103
"2021",2,1,0,-1.05015119760523,1,0,1,93103
"2021",8,4.875,0,-1.05015119760523,1,0,2,93103
"2021",5,3.8,0,-1.05015119760523,2,1,0,93103
"2021",33,3.84848484848485,0,-1.05015119760523,2,0,3,93103
"2021",6,5,0,-1.05015119760523,1,0,0,93103
"2021",2,3,0,-1.05015119760523,0,0,0,93103
"2021",4,1.5,0,-1.05015119760523,1,0,2,93103
"2021",7,3.42857142857143,0,-1.05015119760523,1,0,2,93103
"2021",17,4.47058823529412,0,-1.05015119760523,2,0,3,93103
"2021",126,4.42857142857143,1,-1.05015119760523,2,0,1,93103
"2021",53,2.92452830188679,0,-1.05015119760523,3,0,2,93103
"2021",136,4.75,1,-1.05015119760523,1,0,3,93103
"2021",14,3.71428571428571,0,-1.05015119760523,1,0,2,93103
"2021",15,3.6,0,-0.0112662999357757,2,0,2,93105
"2021",12,3.41666666666667,0,-0.0112662999357757,2,1,1,93105
"2021",12,3,0,-0.0112662999357757,1,0,2,93105
"2021",19,4,0,-0.0112662999357757,2,0,2,93105
"2021",73,4.21917808219178,1,-0.0112662999357757,2,1,2,93105
"2021",52,4.61538461538461,1,-0.0112662999357757,2,1,2,93105
"2021",16,4.25,0,-0.0112662999357757,2,0,2,93105
"2021",3,3.66666666666667,0,-0.0112662999357757,2,0,2,93105
"2021",171,4.04093567251462,1,-0.0112662999357757,2,1,1,93105
"2021",24,4.83333333333333,1,-0.0112662999357757,1,0,0,93105
"2021",27,4.7037037037037,1,-0.0112662999357757,2,1,3,93105
"2021",78,4.34615384615385,1,-0.0112662999357757,2,0,2,93105
"2021",3,3.66666666666667,0,-0.0112662999357757,2,0,2,93105
"2021",29,4.3448275862069,1,-0.0112662999357757,2,1,2,93105
"2021",37,4.32432432432432,1,-0.0112662999357757,2,1,2,93105
"2021",11,4.36363636363636,0,-0.0112662999357757,2,1,2,93105
"2021",23,3.34782608695652,0,-0.0112662999357757,2,1,2,93105
"2021",14,2.28571428571429,0,-0.0112662999357757,2,0,2,93105
"2021",21,3.57142857142857,0,-0.0112662999357757,2,0,2,93105
"2021",31,3.29032258064516,0,-0.0112662999357757,2,0,2,93105
"2021",25,4.44,1,-0.0112662999357757,2,0,2,93105
"2021",25,2.72,0,-0.0112662999357757,2,0,3,93105
"2021",3,4,0,-0.0112662999357757,0,0,0,93105
"2021",23,3.78260869565217,0,-0.0112662999357757,1,0,2,93105
"2021",6,5,0,-0.0112662999357757,1,0,0,93105
"2021",41,4,0,-0.0112662999357757,2,0,2,93105
"2021",19,4.21052631578947,0,-0.0112662999357757,2,0,2,93105
"2021",24,3.125,0,-0.0112662999357757,2,1,2,93105
"2021",3,3.66666666666667,0,-0.0112662999357757,1,0,3,93105
"2021",15,2.86666666666667,0,-0.0112662999357757,1,0,2,93105
"2021",55,3.81818181818182,0,-0.0112662999357757,2,1,0,93105
"2021",2,3.5,0,-0.0112662999357757,1,0,2,93105
"2021",29,3.72413793103448,0,-0.0112662999357757,2,1,1,93105
"2021",34,3.29411764705882,0,-0.0112662999357757,2,1,2,93105
"2021",41,4.21951219512195,1,-0.0112662999357757,2,0,2,93105
"2021",11,3.81818181818182,0,-0.0112662999357757,2,1,2,93105
"2021",1,1,0,-0.0112662999357757,1,0,0,93105
"2021",16,3.625,0,-0.0112662999357757,2,0,2,93105
"2021",7,3.14285714285714,0,-0.0112662999357757,2,0,2,93105
"2021",4,3.75,0,-0.0112662999357757,2,1,2,93105
"2021",15,2.6,0,-0.0112662999357757,1,0,2,93105
"2021",19,4.21052631578947,0,-0.0112662999357757,2,0,2,93105
"2021",15,3.8,0,-0.0112662999357757,1,0,2,93105
"2021",32,4.40625,1,-0.0112662999357757,2,0,2,93105
"2021",10,4.4,0,-0.0112662999357757,2,0,2,93105
"2021",18,3.61111111111111,0,-0.0112662999357757,2,1,2,93105
"2021",8,1,0,-0.0112662999357757,1,0,2,93105
"2021",12,2.83333333333333,0,-0.0112662999357757,3,0,2,93105
"2021",12,2.83333333333333,0,-0.0112662999357757,1,0,2,93105
"2021",7,3.42857142857143,0,-0.0112662999357757,1,0,2,93105
"2021",1,1,0,-0.0112662999357757,2,0,2,93105
"2021",16,3.25,0,-0.0112662999357757,2,1,2,93105
"2021",5,4.2,0,-0.0112662999357757,2,0,2,93105
"2021",62,4.32258064516129,1,-0.0112662999357757,2,1,2,93105
"2021",5,3.8,0,-0.0112662999357757,1,0,2,93105
"2021",17,3.64705882352941,0,-0.0112662999357757,2,0,2,93105
"2021",19,4,0,-0.0112662999357757,2,0,2,93105
"2021",23,2.8695652173913,0,-0.0112662999357757,2,1,2,93105
"2021",4,4,0,-0.0112662999357757,1,0,1,93105
"2021",8,3.25,0,-0.0112662999357757,1,0,2,93105
"2021",2,3,0,-0.0112662999357757,2,1,0,93105
"2021",15,4.26666666666667,0,-0.0112662999357757,2,1,2,93105
"2021",12,3.83333333333333,0,-0.0112662999357757,1,0,2,93105
"2021",4,2.5,0,-0.0112662999357757,1,0,0,93105
"2021",18,4.05555555555556,0,-0.0112662999357757,3,1,2,93105
"2021",18,3.22222222222222,0,-0.0112662999357757,2,1,2,93105
"2021",20,2.35,0,-0.0112662999357757,1,0,2,93105
"2021",11,4.18181818181818,0,-0.0112662999357757,2,1,3,93105
"2021",6,2.66666666666667,0,-0.0112662999357757,1,0,3,93105
"2021",69,4.02898550724638,1,-0.0112662999357757,2,0,2,93105
"2021",10,1.8,0,-0.0112662999357757,1,0,2,93105
"2021",15,3.46666666666667,0,-0.0112662999357757,1,0,2,93105
"2021",23,4.04347826086957,1,-0.0112662999357757,2,0,2,93105
"2021",76,4.43421052631579,1,-2.04910355769514,2,0,2,93108
"2021",3,4.66666666666667,0,-2.04910355769514,1,0,3,93108
"2021",7,4.14285714285714,0,-2.04910355769514,2,0,3,93108
"2021",6,4.33333333333333,0,-2.04910355769514,2,0,2,93108
"2021",10,2.8,0,-2.04910355769514,1,0,1,93108
"2021",6,2,0,-2.04910355769514,0,0,0,93108
"2021",5,2.4,0,-2.04910355769514,1,0,2,93108
"2021",38,4.18421052631579,1,-2.04910355769514,3,1,2,93108
"2021",20,3.2,0,-2.04910355769514,2,0,2,93108
"2021",107,4.14953271028037,1,-2.04910355769514,2,1,2,93108
"2021",39,4.64102564102564,1,-2.04910355769514,4,1,3,93108
"2021",81,4.51851851851852,1,-2.04910355769514,3,1,2,93108
"2021",10,4,0,-2.04910355769514,1,0,3,93108
"2021",1,5,0,-2.04910355769514,3,1,2,93108
"2021",67,4.32835820895522,1,-2.04910355769514,2,1,2,93108
"2021",41,4.26829268292683,1,-2.04910355769514,2,0,2,93108
"2021",18,3.83333333333333,0,-2.04910355769514,3,1,2,93108
"2021",10,4.3,0,-2.03856136777414,1,0,2,93109
"2021",23,3.21739130434783,0,-2.03856136777414,2,1,2,93109
"2021",14,4,0,-2.03856136777414,2,0,2,93109
"2021",28,3.82142857142857,0,-2.03856136777414,2,0,2,93109
"2021",106,4.00943396226415,0,-2.03856136777414,2,1,2,93109
"2021",20,3.9,0,-2.03856136777414,2,0,2,93109
"2021",62,3.33870967741935,0,-2.03856136777414,2,1,2,93109
"2021",1,1,0,-2.03856136777414,1,0,3,93109
"2021",41,3.95121951219512,0,-2.03856136777414,2,0,2,93109
"2021",186,4.13440860215054,1,-2.03856136777414,2,1,1,93109
"2021",50,4.1,1,-2.03856136777414,2,1,2,93109
"2021",20,4.3,1,-2.03856136777414,2,0,2,93109
"2021",8,4.375,0,-2.03856136777414,1,0,1,93109
"2021",15,3.6,0,-2.03856136777414,2,1,2,93109
"2021",15,4.66666666666667,0,-2.03856136777414,2,0,3,93109
"2021",11,4.27272727272727,0,-2.03856136777414,1,0,2,93109
"2021",15,4,0,-2.03856136777414,2,0,2,93109
"2021",354,3.89830508474576,0,-2.03856136777414,2,1,2,93109
"2021",5,2,0,-2.03856136777414,1,0,0,93109
"2021",39,3.76923076923077,0,-2.03856136777414,2,0,1,93109
"2021",16,4.4375,0,-2.03856136777414,2,0,3,93109
"2021",1,5,0,-2.03856136777414,1,0,1,93109
"2021",15,2.8,0,-2.03856136777414,3,0,3,93109
"2021",33,3.78787878787879,0,-2.03856136777414,2,0,2,93109
"2021",1,1,0,-1.42998949506187,1,0,3,93110
"2021",8,4,0,-1.42998949506187,2,0,3,93110
"2021",6,3.66666666666667,0,-1.42998949506187,1,0,0,93110
"2021",39,3.82051282051282,0,-1.42998949506187,2,1,2,93110
"2021",3,3.66666666666667,0,-1.42998949506187,1,1,2,93110
"2021",8,2.625,0,-1.42998949506187,2,0,2,93110
"2021",12,4.08333333333333,0,-1.42998949506187,1,0,0,93110
"2021",49,3.42857142857143,0,-1.42998949506187,2,0,0,93110
"2021",8,3.5,0,-1.42998949506187,2,0,2,93110
"2021",24,4.125,1,-1.42998949506187,2,0,1,93110
"2021",4,4.25,0,-1.42998949506187,2,0,0,93110
"2021",16,3.6875,0,-1.45682416031532,2,0,2,93111
"2021",9,4.55555555555556,0,-1.45682416031532,2,1,2,93111
"2021",2,1,0,-1.45682416031532,2,0,2,93111
"2021",16,3.125,0,-1.45682416031532,2,0,2,93111
"2021",24,4.375,1,-1.45682416031532,2,0,3,93111
"2021",40,4.125,1,-1.45682416031532,1,0,2,93111
"2021",30,4.2,1,-1.45682416031532,1,0,2,93111
"2021",6,4.66666666666667,0,-1.45682416031532,0,0,0,93111
"2021",85,3.42352941176471,0,1.75950214649159,4,0,0,93117
"2021",31,3.7741935483871,0,1.75950214649159,4,1,2,93117
"2021",1,4,0,1.75950214649159,1,0,0,93117
"2021",11,3.81818181818182,0,1.75950214649159,3,0,2,93117
"2021",1,4,0,1.75950214649159,0,0,0,93117
"2021",2,5,0,1.75950214649159,0,1,0,93117
"2021",5,3.6,0,1.75950214649159,2,1,2,93117
"2020",73,3.12328767123288,0,0.749368675879408,2,1,2,93101
"2020",31,4.16129032258065,1,0.749368675879408,2,1,2,93101
"2020",87,4.48275862068965,1,0.749368675879408,2,1,0,93101
"2020",27,4.37037037037037,1,0.749368675879408,2,1,2,93101
"2020",19,4.52631578947368,0,0.749368675879408,2,0,3,93101
"2020",2,3,0,0.749368675879408,1,0,2,93101
"2020",15,3.6,0,0.749368675879408,1,0,2,93101
"2020",40,3.775,0,0.749368675879408,2,0,0,93101
"2020",186,4.18817204301075,1,0.749368675879408,2,1,2,93101
"2020",6,4.66666666666667,0,0.749368675879408,2,0,0,93101
"2020",25,3.68,0,0.749368675879408,2,0,2,93101
"2020",6,3.66666666666667,0,0.749368675879408,1,0,2,93101
"2020",36,3.44444444444444,0,0.749368675879408,2,1,2,93101
"2020",7,3.28571428571429,0,0.749368675879408,2,1,2,93101
"2020",37,4.18918918918919,1,0.749368675879408,2,0,2,93101
"2020",17,4.94117647058824,0,0.749368675879408,2,0,0,93101
"2020",68,4.44117647058824,1,0.749368675879408,1,0,0,93101
"2020",5,4,0,0.749368675879408,1,0,0,93101
"2020",20,4.2,0,0.749368675879408,2,1,2,93101
"2020",3,1.33333333333333,0,0.749368675879408,1,0,0,93101
"2020",13,3.69230769230769,0,0.749368675879408,1,0,1,93101
"2020",15,4.53333333333333,0,0.749368675879408,2,1,2,93101
"2020",29,4.03448275862069,0,0.749368675879408,2,1,2,93101
"2020",112,4.54464285714286,1,0.749368675879408,3,1,2,93101
"2020",44,4.63636363636364,1,0.749368675879408,3,1,2,93101
"2020",11,4.63636363636364,0,0.749368675879408,2,0,2,93101
"2020",11,3.54545454545455,0,0.749368675879408,2,0,2,93101
"2020",8,5,0,0.749368675879408,0,0,0,93101
"2020",6,4.33333333333333,0,0.749368675879408,2,0,0,93101
"2020",8,5,0,0.749368675879408,1,0,0,93101
"2020",26,4.96153846153846,1,0.749368675879408,2,1,2,93101
"2020",20,4.6,0,0.749368675879408,2,1,2,93101
"2020",133,4.54887218045113,1,0.749368675879408,2,1,2,93101
"2020",32,4.21875,1,0.749368675879408,2,0,2,93101
"2020",20,3.25,0,0.749368675879408,2,0,2,93101
"2020",5,3.4,0,0.749368675879408,1,0,2,93101
"2020",56,4.46428571428571,1,0.749368675879408,1,0,2,93101
"2020",8,4.5,0,0.749368675879408,2,1,2,93101
"2020",33,2.81818181818182,0,0.749368675879408,2,1,2,93101
"2020",3,3.66666666666667,0,0.749368675879408,2,0,1,93101
"2020",28,4.14285714285714,1,0.749368675879408,1,0,0,93101
"2020",71,3.91549295774648,0,0.749368675879408,2,1,2,93101
"2020",30,4.4,1,0.749368675879408,2,0,2,93101
"2020",13,3.76923076923077,0,0.749368675879408,2,0,2,93101
"2020",26,3.84615384615385,0,0.749368675879408,1,0,2,93101
"2020",33,4.12121212121212,1,0.749368675879408,2,1,2,93101
"2020",77,4.44155844155844,1,0.749368675879408,2,1,2,93101
"2020",19,3.78947368421053,0,0.749368675879408,2,1,2,93101
"2020",11,3.81818181818182,0,0.749368675879408,2,0,2,93101
"2020",38,4.68421052631579,1,0.749368675879408,2,1,2,93101
"2020",57,4.12280701754386,1,0.749368675879408,2,1,2,93101
"2020",60,3.13333333333333,0,0.749368675879408,2,1,2,93101
"2020",52,4.17307692307692,1,0.749368675879408,2,0,2,93101
"2020",5,3.8,0,0.749368675879408,2,0,2,93101
"2020",29,4.41379310344828,1,0.749368675879408,2,1,2,93101
"2020",29,4.27586206896552,1,0.749368675879408,2,0,2,93101
"2020",84,3.97619047619048,0,0.749368675879408,2,1,2,93101
"2020",7,3.57142857142857,0,0.749368675879408,1,0,0,93101
"2020",196,4.21938775510204,1,0.749368675879408,2,1,1,93101
"2020",25,4.6,1,0.749368675879408,2,1,2,93101
"2020",2,3,0,0.749368675879408,2,0,1,93101
"2020",82,4.08536585365854,0,0.749368675879408,2,0,1,93101
"2020",3,4.66666666666667,0,0.749368675879408,1,0,2,93101
"2020",161,4.26086956521739,1,0.749368675879408,2,1,2,93101
"2020",12,3.91666666666667,0,0.749368675879408,2,1,2,93101
"2020",14,4.42857142857143,0,0.749368675879408,1,0,2,93101
"2020",19,3.31578947368421,0,0.749368675879408,2,0,0,93101
"2020",16,4.4375,0,0.749368675879408,2,0,2,93101
"2020",28,4.32142857142857,1,0.749368675879408,2,0,2,93101
"2020",16,4.125,0,0.749368675879408,2,1,3,93101
"2020",68,4.48529411764706,1,0.749368675879408,2,0,2,93101
"2020",9,3,0,0.749368675879408,0,0,0,93101
"2020",20,4.1,0,0.749368675879408,2,0,2,93101
"2020",5,4.4,0,0.749368675879408,2,0,2,93101
"2020",19,4.52631578947368,0,0.749368675879408,2,0,2,93101
"2020",16,4.375,0,0.749368675879408,2,1,2,93101
"2020",34,2.94117647058824,0,0.749368675879408,2,1,3,93101
"2020",19,3.57894736842105,0,0.749368675879408,2,0,2,93101
"2020",25,3.28,0,0.749368675879408,2,0,2,93101
"2020",22,2.86363636363636,0,0.749368675879408,1,0,2,93101
"2020",131,4.62595419847328,1,0.749368675879408,3,1,2,93101
"2020",11,4.54545454545455,0,0.749368675879408,2,1,2,93101
"2020",47,4.42553191489362,1,0.749368675879408,2,1,2,93101
"2020",40,4.325,1,0.749368675879408,2,0,2,93101
"2020",31,3.83870967741935,0,0.749368675879408,2,0,2,93101
"2020",21,3.23809523809524,0,0.749368675879408,2,1,1,93101
"2020",13,3.46153846153846,0,0.749368675879408,2,0,0,93101
"2020",55,4.12727272727273,1,0.749368675879408,2,1,2,93101
"2020",9,4.77777777777778,0,0.749368675879408,2,1,2,93101
"2020",4,5,0,0.749368675879408,0,0,0,93101
"2020",39,3.97435897435898,0,0.749368675879408,2,0,2,93101
"2020",3,5,0,0.749368675879408,2,1,2,93101
"2020",23,3.91304347826087,0,0.749368675879408,2,0,1,93101
"2020",30,4.03333333333333,0,0.749368675879408,2,0,2,93101
"2020",238,3.8781512605042,0,0.749368675879408,2,0,2,93101
"2020",20,4.25,0,0.749368675879408,2,0,0,93101
"2020",49,3.28571428571429,0,0.749368675879408,2,0,2,93101
"2020",15,4.66666666666667,0,0.749368675879408,2,0,2,93101
"2020",30,2.7,0,0.749368675879408,2,0,2,93101
"2020",13,3.07692307692308,0,0.749368675879408,2,1,2,93101
"2020",5,2.4,0,0.749368675879408,0,0,0,93101
"2020",1,5,0,0.749368675879408,1,0,2,93101
"2020",59,4.30508474576271,1,0.749368675879408,3,1,2,93101
"2020",9,4,0,0.749368675879408,2,0,0,93101
"2020",10,4.6,0,0.749368675879408,1,0,3,93101
"2020",42,4.42857142857143,1,0.749368675879408,1,0,2,93101
"2020",35,3.85714285714286,0,0.749368675879408,2,0,2,93101
"2020",47,3.68085106382979,0,0.749368675879408,1,0,2,93101
"2020",3,5,0,0.749368675879408,0,0,0,93101
"2020",31,4.7741935483871,1,0.749368675879408,2,0,2,93101
"2020",33,4.09090909090909,0,0.749368675879408,2,0,2,93101
"2020",34,3.70588235294118,0,0.749368675879408,2,0,3,93101
"2020",24,3.29166666666667,0,0.749368675879408,2,1,2,93101
"2020",66,4.03030303030303,0,0.749368675879408,2,1,2,93101
"2020",169,4.15976331360947,1,0.749368675879408,3,1,2,93101
"2020",56,4.55357142857143,1,0.749368675879408,2,1,2,93101
"2020",97,4.67010309278351,1,0.749368675879408,2,1,2,93101
"2020",26,4.46153846153846,1,0.749368675879408,2,0,2,93101
"2020",74,4.35135135135135,1,0.749368675879408,2,1,2,93101
"2020",41,4.70731707317073,1,0.749368675879408,2,1,2,93101
"2020",27,4.51851851851852,1,0.749368675879408,2,0,2,93101
"2020",35,4.82857142857143,1,0.749368675879408,2,0,2,93101
"2020",42,3.95238095238095,0,0.749368675879408,3,1,2,93101
"2020",11,4.18181818181818,0,0.749368675879408,2,1,2,93101
"2020",32,4.84375,1,0.749368675879408,2,0,2,93101
"2020",8,4,0,0.749368675879408,2,1,2,93101
"2020",9,1.66666666666667,0,0.749368675879408,1,0,2,93101
"2020",35,4.4,1,0.749368675879408,2,1,2,93101
"2020",66,4.66666666666667,1,0.749368675879408,2,0,2,93101
"2020",68,4.30882352941176,1,0.749368675879408,2,0,1,93101
"2020",50,4.44,1,0.749368675879408,2,1,0,93101
"2020",18,4.05555555555556,0,0.749368675879408,2,1,2,93101
"2020",168,4.29166666666667,1,0.749368675879408,2,1,2,93101
"2020",29,4.79310344827586,1,0.749368675879408,2,0,0,93101
"2020",32,3.625,0,0.749368675879408,2,0,2,93101
"2020",26,4.65384615384615,1,0.749368675879408,2,0,2,93101
"2020",57,4.21052631578947,1,0.749368675879408,2,0,2,93101
"2020",10,4.8,0,0.749368675879408,0,0,0,93101
"2020",62,3.74193548387097,0,0.749368675879408,2,1,2,93101
"2020",24,4.45833333333333,1,0.749368675879408,2,1,2,93101
"2020",25,4.92,1,0.749368675879408,1,1,0,93101
"2020",17,4.05882352941176,0,0.749368675879408,2,0,2,93101
"2020",22,4.18181818181818,1,0.749368675879408,2,1,2,93101
"2020",23,3.17391304347826,0,0.749368675879408,2,0,2,93101
"2020",28,4.25,1,0.749368675879408,2,0,3,93101
"2020",1,5,0,0.749368675879408,2,0,0,93101
"2020",63,4.77777777777778,1,0.749368675879408,1,0,2,93101
"2020",15,3.73333333333333,0,0.749368675879408,2,0,2,93101
"2020",62,3.59677419354839,0,0.749368675879408,2,1,2,93101
"2020",74,4.64864864864865,1,0.749368675879408,2,0,2,93101
"2020",169,4.2603550295858,1,0.749368675879408,2,1,2,93101
"2020",45,4.22222222222222,1,0.749368675879408,2,1,2,93101
"2020",91,4.15384615384615,1,0.749368675879408,3,1,2,93101
"2020",28,3.25,0,0.749368675879408,3,1,0,93101
"2020",26,4.15384615384615,1,0.749368675879408,2,1,2,93101
"2020",1,5,0,0.749368675879408,0,0,0,93101
"2020",21,4.38095238095238,1,0.749368675879408,0,1,1,93101
"2020",5,3.6,0,0.749368675879408,1,0,1,93101
"2020",80,4.0125,0,0.749368675879408,2,1,0,93101
"2020",31,4.06451612903226,0,0.749368675879408,2,0,2,93101
"2020",22,4.72727272727273,1,0.749368675879408,2,0,0,93101
"2020",9,4.44444444444444,0,0.749368675879408,2,1,3,93101
"2020",10,4.2,0,0.749368675879408,4,1,3,93101
"2020",17,4.35294117647059,0,0.749368675879408,2,1,3,93101
"2020",90,4.13333333333333,1,0.749368675879408,2,1,2,93101
"2020",73,4.3013698630137,1,0.749368675879408,3,1,2,93101
"2020",36,4.16666666666667,1,0.749368675879408,2,0,2,93101
"2020",30,4.53333333333333,1,0.749368675879408,2,0,2,93101
"2020",48,2.97916666666667,0,0.749368675879408,0,1,0,93101
"2020",103,4.39805825242718,1,0.749368675879408,2,1,2,93101
"2020",37,3.86486486486486,0,0.749368675879408,2,0,2,93101
"2020",3,3,0,0.749368675879408,2,0,1,93101
"2020",3,2.33333333333333,0,0.749368675879408,1,0,1,93101
"2020",10,4.4,0,0.749368675879408,2,0,3,93101
"2020",7,3.85714285714286,0,0.749368675879408,3,1,2,93101
"2020",7,4.28571428571429,0,0.749368675879408,1,0,3,93101
"2020",42,4.5,1,0.749368675879408,2,1,0,93101
"2020",237,4.52320675105485,1,0.749368675879408,2,0,2,93101
"2020",68,3.22058823529412,0,0.749368675879408,2,1,2,93101
"2020",3,5,0,0.749368675879408,1,0,2,93101
"2020",8,3.125,0,0.749368675879408,2,1,2,93101
"2020",24,4.08333333333333,0,0.749368675879408,3,1,2,93101
"2020",19,4.10526315789474,0,0.749368675879408,1,0,1,93101
"2020",3,3.66666666666667,0,0.749368675879408,0,0,0,93101
"2020",23,5,1,0.749368675879408,0,0,3,93101
"2020",174,4.05172413793103,0,0.749368675879408,2,1,2,93101
"2020",14,2.64285714285714,0,0.749368675879408,1,0,2,93101
"2020",20,3.45,0,-0.880517777967323,4,0,2,93103
"2020",1,5,0,-0.880517777967323,1,0,0,93103
"2020",98,4.16326530612245,1,-0.880517777967323,1,0,2,93103
"2020",27,3.88888888888889,0,-0.880517777967323,2,0,2,93103
"2020",8,2.375,0,-0.880517777967323,2,0,2,93103
"2020",2,2,0,-0.880517777967323,1,0,3,93103
"2020",6,2.83333333333333,0,-0.880517777967323,1,0,2,93103
"2020",18,3.33333333333333,0,-0.880517777967323,3,1,3,93103
"2020",8,2.625,0,-0.880517777967323,1,0,2,93103
"2020",11,4.81818181818182,0,-0.880517777967323,2,0,2,93103
"2020",7,3.71428571428571,0,-0.880517777967323,1,0,2,93103
"2020",34,3.70588235294118,0,-0.880517777967323,2,0,2,93103
"2020",4,2.75,0,-0.880517777967323,1,0,2,93103
"2020",66,4.07575757575758,0,-0.880517777967323,2,1,2,93103
"2020",5,1,0,-0.880517777967323,1,0,2,93103
"2020",9,4.33333333333333,0,-0.880517777967323,1,0,2,93103
"2020",9,4.22222222222222,0,-0.880517777967323,2,0,0,93103
"2020",109,4.03669724770642,0,-0.880517777967323,2,0,2,93103
"2020",28,4.21428571428571,1,-0.880517777967323,1,0,2,93103
"2020",17,4.23529411764706,0,-0.880517777967323,1,0,0,93103
"2020",28,4.46428571428571,1,-0.880517777967323,1,0,2,93103
"2020",5,2.4,0,-0.880517777967323,1,0,2,93103
"2020",21,4.42857142857143,1,-0.880517777967323,2,0,2,93103
"2020",1,4,0,-0.880517777967323,2,0,2,93103
"2020",40,4.625,1,-0.880517777967323,2,0,2,93103
"2020",2,3,0,-0.880517777967323,1,0,1,93103
"2020",44,4.40909090909091,1,-0.880517777967323,1,0,2,93103
"2020",3,3.66666666666667,0,-0.880517777967323,2,1,0,93103
"2020",39,4.33333333333333,1,-0.880517777967323,2,0,3,93103
"2020",8,4.875,0,-0.880517777967323,1,0,0,93103
"2020",1,5,0,-0.880517777967323,0,0,0,93103
"2020",4,2.25,0,-0.880517777967323,1,0,2,93103
"2020",12,2.75,0,-0.880517777967323,1,0,2,93103
"2020",23,4.65217391304348,1,-0.880517777967323,2,0,3,93103
"2020",125,4.68,1,-0.880517777967323,2,0,1,93103
"2020",44,2.88636363636364,0,-0.880517777967323,3,0,2,93103
"2020",89,4.67415730337079,1,-0.880517777967323,1,0,3,93103
"2020",11,3.81818181818182,0,-0.880517777967323,1,0,2,93103
"2020",17,4,0,0.140477342866497,2,0,2,93105
"2020",9,4.55555555555556,0,0.140477342866497,2,1,1,93105
"2020",2,4.5,0,0.140477342866497,1,0,2,93105
"2020",20,3.6,0,0.140477342866497,2,0,2,93105
"2020",47,4.38297872340426,1,0.140477342866497,2,1,2,93105
"2020",47,4.42553191489362,1,0.140477342866497,2,1,2,93105
"2020",15,3.4,0,0.140477342866497,2,0,2,93105
"2020",8,4.125,0,0.140477342866497,2,0,2,93105
"2020",176,4.40340909090909,1,0.140477342866497,2,1,1,93105
"2020",30,4.5,1,0.140477342866497,1,0,0,93105
"2020",20,4.3,0,0.140477342866497,2,1,3,93105
"2020",41,4.63414634146341,1,0.140477342866497,2,0,2,93105
"2020",6,5,0,0.140477342866497,2,0,2,93105
"2020",22,4.04545454545455,0,0.140477342866497,2,1,2,93105
"2020",45,4.22222222222222,1,0.140477342866497,2,1,2,93105
"2020",7,4.57142857142857,0,0.140477342866497,2,1,2,93105
"2020",21,3.9047619047619,0,0.140477342866497,2,1,2,93105
"2020",10,2.7,0,0.140477342866497,2,0,2,93105
"2020",41,3.73170731707317,0,0.140477342866497,2,0,2,93105
"2020",21,4.19047619047619,1,0.140477342866497,2,0,2,93105
"2020",23,4.26086956521739,1,0.140477342866497,2,0,2,93105
"2020",22,2.54545454545455,0,0.140477342866497,2,0,3,93105
"2020",1,5,0,0.140477342866497,0,0,0,93105
"2020",26,2.69230769230769,0,0.140477342866497,1,0,2,93105
"2020",2,5,0,0.140477342866497,1,0,0,93105
"2020",44,3.15909090909091,0,0.140477342866497,2,0,2,93105
"2020",34,4.26470588235294,1,0.140477342866497,2,0,2,93105
"2020",22,3.68181818181818,0,0.140477342866497,2,1,2,93105
"2020",7,4,0,0.140477342866497,1,0,3,93105
"2020",9,4,0,0.140477342866497,1,0,2,93105
"2020",40,4.075,0,0.140477342866497,2,1,0,93105
"2020",3,2,0,0.140477342866497,1,0,2,93105
"2020",32,3.9375,0,0.140477342866497,2,1,1,93105
"2020",27,4,0,0.140477342866497,2,1,2,93105
"2020",28,4.21428571428571,1,0.140477342866497,2,0,2,93105
"2020",9,3.77777777777778,0,0.140477342866497,2,1,2,93105
"2020",5,3.2,0,0.140477342866497,1,0,0,93105
"2020",20,2.95,0,0.140477342866497,2,0,2,93105
"2020",6,3.16666666666667,0,0.140477342866497,2,0,2,93105
"2020",13,2.53846153846154,0,0.140477342866497,2,1,2,93105
"2020",22,3.40909090909091,0,0.140477342866497,1,0,2,93105
"2020",12,3.91666666666667,0,0.140477342866497,2,0,2,93105
"2020",28,4.60714285714286,1,0.140477342866497,1,0,2,93105
"2020",45,4.24444444444444,1,0.140477342866497,2,0,2,93105
"2020",6,3,0,0.140477342866497,2,0,2,93105
"2020",12,3.5,0,0.140477342866497,2,1,2,93105
"2020",3,2.33333333333333,0,0.140477342866497,1,0,2,93105
"2020",12,3,0,0.140477342866497,3,0,2,93105
"2020",18,3.44444444444444,0,0.140477342866497,1,0,2,93105
"2020",16,3.3125,0,0.140477342866497,1,0,2,93105
"2020",5,3.4,0,0.140477342866497,2,0,2,93105
"2020",10,3.5,0,0.140477342866497,2,1,2,93105
"2020",7,4.57142857142857,0,0.140477342866497,2,0,2,93105
"2020",45,4.28888888888889,1,0.140477342866497,2,1,2,93105
"2020",5,2.2,0,0.140477342866497,1,0,2,93105
"2020",14,3.57142857142857,0,0.140477342866497,2,0,2,93105
"2020",5,2.4,0,0.140477342866497,2,0,2,93105
"2020",10,2.4,0,0.140477342866497,2,1,2,93105
"2020",8,3.375,0,0.140477342866497,1,0,1,93105
"2020",7,3.42857142857143,0,0.140477342866497,1,0,2,93105
"2020",10,3,0,0.140477342866497,2,1,0,93105
"2020",20,4.4,0,0.140477342866497,2,1,2,93105
"2020",19,3.42105263157895,0,0.140477342866497,1,0,2,93105
"2020",6,2.33333333333333,0,0.140477342866497,1,0,0,93105
"2020",17,4.11764705882353,0,0.140477342866497,3,1,2,93105
"2020",16,3.6875,0,0.140477342866497,2,1,2,93105
"2020",16,1.1875,0,0.140477342866497,1,0,2,93105
"2020",11,4.09090909090909,0,0.140477342866497,2,1,3,93105
"2020",4,3.5,0,0.140477342866497,1,0,3,93105
"2020",56,4.28571428571429,1,0.140477342866497,2,0,2,93105
"2020",12,1.75,0,0.140477342866497,1,0,2,93105
"2020",13,4,0,0.140477342866497,1,0,2,93105
"2020",21,3.42857142857143,0,0.140477342866497,2,0,2,93105
"2020",67,4.47761194029851,1,-2.08967501587596,2,0,2,93108
"2020",1,5,0,-2.08967501587596,1,0,3,93108
"2020",9,3.77777777777778,0,-2.08967501587596,2,0,3,93108
"2020",4,4.25,0,-2.08967501587596,2,0,2,93108
"2020",6,4.16666666666667,0,-2.08967501587596,1,0,1,93108
"2020",4,4,0,-2.08967501587596,0,0,0,93108
"2020",11,3.36363636363636,0,-2.08967501587596,1,0,2,93108
"2020",24,4.5,1,-2.08967501587596,3,1,2,93108
"2020",20,3.7,0,-2.08967501587596,2,0,2,93108
"2020",73,4.41095890410959,1,-2.08967501587596,2,1,2,93108
"2020",25,4.44,1,-2.08967501587596,4,1,3,93108
"2020",50,4.7,1,-2.08967501587596,3,1,2,93108
"2020",13,4.69230769230769,0,-2.08967501587596,1,0,3,93108
"2020",2,4,0,-2.08967501587596,3,1,2,93108
"2020",57,3.96491228070175,0,-2.08967501587596,2,1,2,93108
"2020",31,4.35483870967742,1,-2.08967501587596,2,0,2,93108
"2020",15,2.93333333333333,0,-2.08967501587596,3,1,2,93108
"2020",9,4.33333333333333,0,-2.02833863815378,1,0,2,93109
"2020",28,3.28571428571429,0,-2.02833863815378,2,1,2,93109
"2020",15,3.66666666666667,0,-2.02833863815378,2,0,2,93109
"2020",16,3.375,0,-2.02833863815378,2,0,2,93109
"2020",76,4.35526315789474,1,-2.02833863815378,2,1,2,93109
"2020",30,3.96666666666667,0,-2.02833863815378,2,0,2,93109
"2020",45,3.48888888888889,0,-2.02833863815378,2,1,2,93109
"2020",2,1,0,-2.02833863815378,1,0,3,93109
"2020",52,3.90384615384615,0,-2.02833863815378,2,0,2,93109
"2020",140,4.15,1,-2.02833863815378,2,1,1,93109
"2020",38,4.28947368421053,1,-2.02833863815378,2,1,2,93109
"2020",39,4.28205128205128,1,-2.02833863815378,2,0,2,93109
"2020",4,2.75,0,-2.02833863815378,1,0,1,93109
"2020",12,3.16666666666667,0,-2.02833863815378,2,1,2,93109
"2020",9,4.11111111111111,0,-2.02833863815378,2,0,3,93109
"2020",6,3.83333333333333,0,-2.02833863815378,1,0,2,93109
"2020",11,3.72727272727273,0,-2.02833863815378,2,0,2,93109
"2020",303,4.10891089108911,1,-2.02833863815378,2,1,2,93109
"2020",7,2.71428571428571,0,-2.02833863815378,1,0,0,93109
"2020",55,4.2,1,-2.02833863815378,2,0,1,93109
"2020",20,4.75,0,-2.02833863815378,2,0,3,93109
"2020",4,3,0,-2.02833863815378,1,0,1,93109
"2020",19,2.36842105263158,0,-2.02833863815378,3,0,3,93109
"2020",34,4.35294117647059,1,-2.02833863815378,2,0,2,93109
"2020",1,3,0,-1.45842146181851,1,0,3,93110
"2020",8,4.5,0,-1.45842146181851,2,0,3,93110
"2020",4,4.75,0,-1.45842146181851,1,0,0,93110
"2020",45,4.55555555555556,1,-1.45842146181851,2,1,2,93110
"2020",16,3.75,0,-1.45842146181851,1,1,2,93110
"2020",3,2.66666666666667,0,-1.45842146181851,2,0,2,93110
"2020",10,4.8,0,-1.45842146181851,1,0,0,93110
"2020",61,3.83606557377049,0,-1.45842146181851,2,0,0,93110
"2020",7,3.57142857142857,0,-1.45842146181851,2,0,2,93110
"2020",23,3.91304347826087,0,-1.45842146181851,2,0,1,93110
"2020",3,3.66666666666667,0,-1.45842146181851,2,0,0,93110
"2020",17,3.88235294117647,0,-1.37600070425432,2,0,2,93111
"2020",17,4.23529411764706,0,-1.37600070425432,2,1,2,93111
"2020",4,2.75,0,-1.37600070425432,2,0,2,93111
"2020",16,2.125,0,-1.37600070425432,2,0,2,93111
"2020",23,4.52173913043478,1,-1.37600070425432,2,0,3,93111
"2020",62,4.11290322580645,1,-1.37600070425432,1,0,2,93111
"2020",14,4.57142857142857,0,-1.37600070425432,1,0,2,93111
"2020",2,3,0,-1.37600070425432,0,0,0,93111
"2020",151,3.04635761589404,0,1.79464277956159,4,0,0,93117
"2020",30,3.5,0,1.79464277956159,4,1,2,93117
"2020",4,2.5,0,1.79464277956159,1,0,0,93117
"2020",16,2.875,0,1.79464277956159,3,0,2,93117
"2020",1,5,0,1.79464277956159,0,0,0,93117
"2020",1,5,0,1.79464277956159,0,1,0,93117
"2020",3,4.33333333333333,0,1.79464277956159,2,1,2,93117
"2019",41,3.36585365853658,0,0.68675445695468,2,1,2,93101
"2019",153,4.13725490196078,1,0.68675445695468,2,1,2,93101
"2019",84,4.80952380952381,1,0.68675445695468,2,1,0,93101
"2019",63,4.04761904761905,1,0.68675445695468,2,1,2,93101
"2019",22,3.63636363636364,0,0.68675445695468,2,0,3,93101
"2019",5,1.6,0,0.68675445695468,1,0,2,93101
"2019",28,4.14285714285714,1,0.68675445695468,1,0,2,93101
"2019",43,3.76744186046512,0,0.68675445695468,2,0,0,93101
"2019",30,4.16666666666667,1,0.68675445695468,2,1,2,93101
"2019",12,3.5,0,0.68675445695468,2,0,0,93101
"2019",36,3.38888888888889,0,0.68675445695468,2,0,2,93101
"2019",6,3.33333333333333,0,0.68675445695468,1,0,2,93101
"2019",73,4.01369863013699,0,0.68675445695468,2,1,2,93101
"2019",8,3,0,0.68675445695468,2,1,2,93101
"2019",47,3.78723404255319,0,0.68675445695468,2,0,2,93101
"2019",19,4.31578947368421,0,0.68675445695468,2,0,0,93101
"2019",57,4.3859649122807,1,0.68675445695468,1,0,0,93101
"2019",8,3,0,0.68675445695468,1,0,0,93101
"2019",43,3.58139534883721,0,0.68675445695468,2,1,2,93101
"2019",5,2.6,0,0.68675445695468,1,0,0,93101
"2019",22,4.36363636363636,0,0.68675445695468,1,0,1,93101
"2019",23,4.34782608695652,0,0.68675445695468,2,1,2,93101
"2019",48,3.45833333333333,0,0.68675445695468,2,1,2,93101
"2019",116,4.39655172413793,1,0.68675445695468,3,1,2,93101
"2019",52,4.26923076923077,1,0.68675445695468,3,1,2,93101
"2019",17,4.35294117647059,0,0.68675445695468,2,0,2,93101
"2019",33,4.18181818181818,1,0.68675445695468,2,0,2,93101
"2019",10,5,0,0.68675445695468,0,0,0,93101
"2019",10,4.5,0,0.68675445695468,2,0,0,93101
"2019",9,4.11111111111111,0,0.68675445695468,1,0,0,93101
"2019",77,4.87012987012987,1,0.68675445695468,2,1,2,93101
"2019",22,3.95454545454546,0,0.68675445695468,2,1,2,93101
"2019",156,4.41025641025641,1,0.68675445695468,2,1,2,93101
"2019",27,4.2962962962963,1,0.68675445695468,2,0,2,93101
"2019",56,3.91071428571429,0,0.68675445695468,2,0,2,93101
"2019",8,3,0,0.68675445695468,1,0,2,93101
"2019",92,4.32608695652174,1,0.68675445695468,1,0,2,93101
"2019",13,4.53846153846154,0,0.68675445695468,2,1,2,93101
"2019",36,3.61111111111111,0,0.68675445695468,2,1,2,93101
"2019",7,4.42857142857143,0,0.68675445695468,2,0,1,93101
"2019",21,3.52380952380952,0,0.68675445695468,1,0,0,93101
"2019",65,3.55384615384615,0,0.68675445695468,2,1,2,93101
"2019",39,4.35897435897436,1,0.68675445695468,2,0,2,93101
"2019",35,2.91428571428571,0,0.68675445695468,2,0,2,93101
"2019",24,4.20833333333333,0,0.68675445695468,1,0,2,93101
"2019",43,4.13953488372093,1,0.68675445695468,2,1,2,93101
"2019",121,4.0495867768595,1,0.68675445695468,2,1,2,93101
"2019",34,4.52941176470588,1,0.68675445695468,2,1,2,93101
"2019",14,3.07142857142857,0,0.68675445695468,2,0,2,93101
"2019",70,3.58571428571429,0,0.68675445695468,2,1,2,93101
"2019",38,4.60526315789474,1,0.68675445695468,2,1,2,93101
"2019",78,3.14102564102564,0,0.68675445695468,2,1,2,93101
"2019",70,4.27142857142857,1,0.68675445695468,2,0,2,93101
"2019",33,3.18181818181818,0,0.68675445695468,2,0,2,93101
"2019",64,4.296875,1,0.68675445695468,2,1,2,93101
"2019",35,3.71428571428571,0,0.68675445695468,2,0,2,93101
"2019",109,3.88073394495413,0,0.68675445695468,2,1,2,93101
"2019",4,4.75,0,0.68675445695468,1,0,0,93101
"2019",359,4.33983286908078,1,0.68675445695468,2,1,1,93101
"2019",45,4.06666666666667,1,0.68675445695468,2,1,2,93101
"2019",11,2.18181818181818,0,0.68675445695468,2,0,1,93101
"2019",177,4.10734463276836,1,0.68675445695468,2,0,1,93101
"2019",13,3,0,0.68675445695468,1,0,2,93101
"2019",148,3.97972972972973,0,0.68675445695468,2,1,2,93101
"2019",45,3.44444444444444,0,0.68675445695468,2,1,2,93101
"2019",18,4.27777777777778,0,0.68675445695468,1,0,2,93101
"2019",7,2.71428571428571,0,0.68675445695468,2,0,0,93101
"2019",26,4.15384615384615,1,0.68675445695468,2,0,2,93101
"2019",48,4.08333333333333,1,0.68675445695468,2,0,2,93101
"2019",42,4.30952380952381,1,0.68675445695468,2,1,3,93101
"2019",72,4.38888888888889,1,0.68675445695468,2,0,2,93101
"2019",23,4.08695652173913,0,0.68675445695468,0,0,0,93101
"2019",47,4.70212765957447,1,0.68675445695468,2,0,2,93101
"2019",7,4.14285714285714,0,0.68675445695468,2,0,2,93101
"2019",80,4.6875,1,0.68675445695468,2,0,2,93101
"2019",24,4.08333333333333,0,0.68675445695468,2,1,2,93101
"2019",36,4.11111111111111,1,0.68675445695468,2,1,3,93101
"2019",57,3.63157894736842,0,0.68675445695468,2,0,2,93101
"2019",25,3.16,0,0.68675445695468,2,0,2,93101
"2019",32,2.84375,0,0.68675445695468,1,0,2,93101
"2019",156,4.3525641025641,1,0.68675445695468,3,1,2,93101
"2019",18,3.66666666666667,0,0.68675445695468,2,1,2,93101
"2019",61,3.85245901639344,0,0.68675445695468,2,1,2,93101
"2019",111,4.22522522522523,1,0.68675445695468,2,0,2,93101
"2019",28,3.92857142857143,0,0.68675445695468,2,0,2,93101
"2019",106,3.81132075471698,0,0.68675445695468,2,1,1,93101
"2019",18,4.11111111111111,0,0.68675445695468,2,0,0,93101
"2019",111,4.03603603603604,1,0.68675445695468,2,1,2,93101
"2019",8,4.75,0,0.68675445695468,2,1,2,93101
"2019",2,5,0,0.68675445695468,0,0,0,93101
"2019",44,3.93181818181818,0,0.68675445695468,2,0,2,93101
"2019",11,4.72727272727273,0,0.68675445695468,2,1,2,93101
"2019",31,4.48387096774194,1,0.68675445695468,2,0,1,93101
"2019",92,4.22826086956522,1,0.68675445695468,2,0,2,93101
"2019",259,3.88030888030888,0,0.68675445695468,2,0,2,93101
"2019",40,4.5,1,0.68675445695468,2,0,0,93101
"2019",104,3.40384615384615,0,0.68675445695468,2,0,2,93101
"2019",17,4.35294117647059,0,0.68675445695468,2,0,2,93101
"2019",38,2.65789473684211,0,0.68675445695468,2,0,2,93101
"2019",22,3.04545454545455,0,0.68675445695468,2,1,2,93101
"2019",13,3,0,0.68675445695468,0,0,0,93101
"2019",1,5,0,0.68675445695468,1,0,2,93101
"2019",63,4.41269841269841,1,0.68675445695468,3,1,2,93101
"2019",21,4.52380952380952,0,0.68675445695468,2,0,0,93101
"2019",24,4.625,0,0.68675445695468,1,0,3,93101
"2019",16,3.875,0,0.68675445695468,1,0,2,93101
"2019",44,3.95454545454546,0,0.68675445695468,2,0,2,93101
"2019",61,3.78688524590164,0,0.68675445695468,1,0,2,93101
"2019",3,4,0,0.68675445695468,0,0,0,93101
"2019",49,4.61224489795918,1,0.68675445695468,2,0,2,93101
"2019",52,4.26923076923077,1,0.68675445695468,2,0,2,93101
"2019",27,3.66666666666667,0,0.68675445695468,2,0,3,93101
"2019",18,3.33333333333333,0,0.68675445695468,2,1,2,93101
"2019",98,4.12244897959184,1,0.68675445695468,2,1,2,93101
"2019",74,4.35135135135135,1,0.68675445695468,3,1,2,93101
"2019",53,4.62264150943396,1,0.68675445695468,2,1,2,93101
"2019",58,4.55172413793103,1,0.68675445695468,2,1,2,93101
"2019",130,3.61538461538462,0,0.68675445695468,2,0,2,93101
"2019",107,4.21495327102804,1,0.68675445695468,2,1,2,93101
"2019",6,5,0,0.68675445695468,2,1,2,93101
"2019",24,4.29166666666667,0,0.68675445695468,2,0,2,93101
"2019",43,4.46511627906977,1,0.68675445695468,2,0,2,93101
"2019",58,3.86206896551724,0,0.68675445695468,3,1,2,93101
"2019",73,4.02739726027397,0,0.68675445695468,2,1,2,93101
"2019",57,4.68421052631579,1,0.68675445695468,2,0,2,93101
"2019",18,3.94444444444444,0,0.68675445695468,2,1,2,93101
"2019",9,3,0,0.68675445695468,1,0,2,93101
"2019",77,4.33766233766234,1,0.68675445695468,2,1,2,93101
"2019",61,4.13114754098361,1,0.68675445695468,2,0,2,93101
"2019",122,4.38524590163934,1,0.68675445695468,2,0,1,93101
"2019",59,4.55932203389831,1,0.68675445695468,2,1,0,93101
"2019",26,3.61538461538462,0,0.68675445695468,2,1,2,93101
"2019",170,4.51764705882353,1,0.68675445695468,2,1,2,93101
"2019",26,4.53846153846154,1,0.68675445695468,2,0,0,93101
"2019",36,3.5,0,0.68675445695468,2,0,2,93101
"2019",38,4.78947368421053,1,0.68675445695468,2,0,2,93101
"2019",102,4.3921568627451,1,0.68675445695468,2,0,2,93101
"2019",22,5,0,0.68675445695468,0,0,0,93101
"2019",123,3.8130081300813,0,0.68675445695468,2,1,2,93101
"2019",40,4.025,0,0.68675445695468,2,1,2,93101
"2019",20,4.4,0,0.68675445695468,1,1,0,93101
"2019",17,4,0,0.68675445695468,2,0,2,93101
"2019",33,4.06060606060606,1,0.68675445695468,2,1,2,93101
"2019",74,4.32432432432432,1,0.68675445695468,2,0,2,93101
"2019",24,4.625,0,0.68675445695468,2,0,3,93101
"2019",2,3.5,0,0.68675445695468,2,0,0,93101
"2019",76,4.43421052631579,1,0.68675445695468,1,0,2,93101
"2019",19,3.10526315789474,0,0.68675445695468,2,0,2,93101
"2019",57,3.59649122807018,0,0.68675445695468,2,1,2,93101
"2019",93,4.76344086021505,1,0.68675445695468,2,0,2,93101
"2019",219,4.2054794520548,1,0.68675445695468,2,1,2,93101
"2019",39,3.48717948717949,0,0.68675445695468,2,1,2,93101
"2019",142,3.92957746478873,0,0.68675445695468,3,1,2,93101
"2019",67,3.38805970149254,0,0.68675445695468,3,1,0,93101
"2019",18,3.88888888888889,0,0.68675445695468,2,1,2,93101
"2019",3,3.66666666666667,0,0.68675445695468,0,0,0,93101
"2019",45,4.4,1,0.68675445695468,0,1,1,93101
"2019",16,4.3125,0,0.68675445695468,1,0,1,93101
"2019",68,3.64705882352941,0,0.68675445695468,2,1,0,93101
"2019",66,4.22727272727273,1,0.68675445695468,2,0,2,93101
"2019",16,4,0,0.68675445695468,2,0,0,93101
"2019",53,3.60377358490566,0,0.68675445695468,2,1,3,93101
"2019",8,4.375,0,0.68675445695468,4,1,3,93101
"2019",8,4.625,0,0.68675445695468,2,1,3,93101
"2019",84,4.10714285714286,1,0.68675445695468,2,1,2,93101
"2019",80,4.6,1,0.68675445695468,3,1,2,93101
"2019",13,4.07692307692308,0,0.68675445695468,2,0,2,93101
"2019",25,4.72,1,0.68675445695468,2,0,2,93101
"2019",44,2.97727272727273,0,0.68675445695468,0,1,0,93101
"2019",97,4.38144329896907,1,0.68675445695468,2,1,2,93101
"2019",37,4.45945945945946,1,0.68675445695468,2,0,2,93101
"2019",10,4.7,0,0.68675445695468,2,0,1,93101
"2019",4,1.5,0,0.68675445695468,1,0,1,93101
"2019",10,3.4,0,0.68675445695468,2,0,3,93101
"2019",46,4.32608695652174,1,0.68675445695468,3,1,2,93101
"2019",8,3.75,0,0.68675445695468,1,0,3,93101
"2019",23,5,0,0.68675445695468,2,1,0,93101
"2019",341,4.45161290322581,1,0.68675445695468,2,0,2,93101
"2019",89,4.08988764044944,1,0.68675445695468,2,1,2,93101
"2019",5,5,0,0.68675445695468,1,0,2,93101
"2019",15,2.4,0,0.68675445695468,2,1,2,93101
"2019",33,3.93939393939394,0,0.68675445695468,3,1,2,93101
"2019",12,4.08333333333333,0,0.68675445695468,1,0,1,93101
"2019",3,3.66666666666667,0,0.68675445695468,0,0,0,93101
"2019",9,5,0,0.68675445695468,0,0,3,93101
"2019",256,3.84375,0,0.68675445695468,2,1,2,93101
"2019",20,3.5,0,0.68675445695468,1,0,2,93101
"2019",44,4.02272727272727,0,-1.0226776117505,4,0,2,93103
"2019",3,4,0,-1.0226776117505,1,0,0,93103
"2019",132,4.03787878787879,1,-1.0226776117505,1,0,2,93103
"2019",27,4.33333333333333,1,-1.0226776117505,2,0,2,93103
"2019",2,5,0,-1.0226776117505,2,0,2,93103
"2019",5,4.6,0,-1.0226776117505,1,0,3,93103
"2019",4,3.25,0,-1.0226776117505,1,0,2,93103
"2019",15,3.73333333333333,0,-1.0226776117505,3,1,3,93103
"2019",4,2.25,0,-1.0226776117505,1,0,2,93103
"2019",7,3.71428571428571,0,-1.0226776117505,2,0,2,93103
"2019",9,3.66666666666667,0,-1.0226776117505,1,0,2,93103
"2019",52,3.94230769230769,0,-1.0226776117505,2,0,2,93103
"2019",7,3,0,-1.0226776117505,1,0,2,93103
"2019",72,4.05555555555556,1,-1.0226776117505,2,1,2,93103
"2019",8,1.625,0,-1.0226776117505,1,0,2,93103
"2019",13,4.61538461538461,0,-1.0226776117505,1,0,2,93103
"2019",10,3.3,0,-1.0226776117505,2,0,0,93103
"2019",117,4.07692307692308,1,-1.0226776117505,2,0,2,93103
"2019",19,4.63157894736842,0,-1.0226776117505,1,0,2,93103
"2019",30,3.33333333333333,0,-1.0226776117505,1,0,0,93103
"2019",40,4.6,1,-1.0226776117505,1,0,2,93103
"2019",7,1.42857142857143,0,-1.0226776117505,1,0,2,93103
"2019",31,4.48387096774194,1,-1.0226776117505,2,0,2,93103
"2019",2,3.5,0,-1.0226776117505,2,0,2,93103
"2019",83,4.42168674698795,1,-1.0226776117505,2,0,2,93103
"2019",7,1.28571428571429,0,-1.0226776117505,1,0,1,93103
"2019",1,5,0,-1.0226776117505,1,0,2,93103
"2019",5,3.2,0,-1.0226776117505,2,1,0,93103
"2019",17,3.82352941176471,0,-1.0226776117505,2,0,3,93103
"2019",5,3.2,0,-1.0226776117505,1,0,0,93103
"2019",1,2,0,-1.0226776117505,0,0,0,93103
"2019",3,2.66666666666667,0,-1.0226776117505,1,0,2,93103
"2019",17,3,0,-1.0226776117505,1,0,2,93103
"2019",34,4.5,1,-1.0226776117505,2,0,3,93103
"2019",147,4.64625850340136,1,-1.0226776117505,2,0,1,93103
"2019",64,2.203125,0,-1.0226776117505,3,0,2,93103
"2019",90,4.83333333333333,1,-1.0226776117505,1,0,3,93103
"2019",14,3.85714285714286,0,-1.0226776117505,1,0,2,93103
"2019",18,3.27777777777778,0,0.225134322535134,2,0,2,93105
"2019",13,4.30769230769231,0,0.225134322535134,2,1,1,93105
"2019",12,3.08333333333333,0,0.225134322535134,1,0,2,93105
"2019",19,4.1578947368421,0,0.225134322535134,2,0,2,93105
"2019",99,4.45454545454545,1,0.225134322535134,2,1,2,93105
"2019",64,4.515625,1,0.225134322535134,2,1,2,93105
"2019",18,3.16666666666667,0,0.225134322535134,2,0,2,93105
"2019",6,4.66666666666667,0,0.225134322535134,2,0,2,93105
"2019",262,4.41984732824428,1,0.225134322535134,2,1,1,93105
"2019",26,4.80769230769231,1,0.225134322535134,1,0,0,93105
"2019",45,4.37777777777778,1,0.225134322535134,2,1,3,93105
"2019",67,4.40298507462687,1,0.225134322535134,2,0,2,93105
"2019",15,3.66666666666667,0,0.225134322535134,2,0,2,93105
"2019",40,4.45,1,0.225134322535134,2,1,2,93105
"2019",56,4.32142857142857,1,0.225134322535134,2,1,2,93105
"2019",16,3.75,0,0.225134322535134,2,1,2,93105
"2019",32,3.375,0,0.225134322535134,2,1,2,93105
"2019",9,4.11111111111111,0,0.225134322535134,2,0,2,93105
"2019",77,4.35064935064935,1,0.225134322535134,2,0,2,93105
"2019",28,3.89285714285714,0,0.225134322535134,2,0,2,93105
"2019",58,3.72413793103448,0,0.225134322535134,2,0,2,93105
"2019",25,2.6,0,0.225134322535134,2,0,3,93105
"2019",6,4.33333333333333,0,0.225134322535134,0,0,0,93105
"2019",48,4.08333333333333,1,0.225134322535134,1,0,2,93105
"2019",7,3.85714285714286,0,0.225134322535134,1,0,0,93105
"2019",35,3.54285714285714,0,0.225134322535134,2,0,2,93105
"2019",49,4.3265306122449,1,0.225134322535134,2,0,2,93105
"2019",37,3.64864864864865,0,0.225134322535134,2,1,2,93105
"2019",6,4.16666666666667,0,0.225134322535134,1,0,3,93105
"2019",15,4,0,0.225134322535134,1,0,2,93105
"2019",54,4.51851851851852,1,0.225134322535134,2,1,0,93105
"2019",6,3,0,0.225134322535134,1,0,2,93105
"2019",41,3.68292682926829,0,0.225134322535134,2,1,1,93105
"2019",29,4.10344827586207,1,0.225134322535134,2,1,2,93105
"2019",37,3.67567567567568,0,0.225134322535134,2,0,2,93105
"2019",8,3.5,0,0.225134322535134,2,1,2,93105
"2019",3,3.66666666666667,0,0.225134322535134,1,0,0,93105
"2019",20,3.6,0,0.225134322535134,2,0,2,93105
"2019",8,4.125,0,0.225134322535134,2,0,2,93105
"2019",8,1.875,0,0.225134322535134,2,1,2,93105
"2019",17,2.94117647058824,0,0.225134322535134,1,0,2,93105
"2019",11,3.90909090909091,0,0.225134322535134,2,0,2,93105
"2019",14,4.42857142857143,0,0.225134322535134,1,0,2,93105
"2019",26,4.34615384615385,1,0.225134322535134,2,0,2,93105
"2019",16,3,0,0.225134322535134,2,0,2,93105
"2019",21,4.19047619047619,0,0.225134322535134,2,1,2,93105
"2019",14,1.14285714285714,0,0.225134322535134,1,0,2,93105
"2019",6,2.83333333333333,0,0.225134322535134,3,0,2,93105
"2019",30,3.63333333333333,0,0.225134322535134,1,0,2,93105
"2019",21,3.14285714285714,0,0.225134322535134,1,0,2,93105
"2019",4,1.75,0,0.225134322535134,2,0,2,93105
"2019",19,3.73684210526316,0,0.225134322535134,2,1,2,93105
"2019",9,4.22222222222222,0,0.225134322535134,2,0,2,93105
"2019",68,4.29411764705882,1,0.225134322535134,2,1,2,93105
"2019",7,1.85714285714286,0,0.225134322535134,1,0,2,93105
"2019",13,3.69230769230769,0,0.225134322535134,2,0,2,93105
"2019",7,4.85714285714286,0,0.225134322535134,2,0,2,93105
"2019",23,3.1304347826087,0,0.225134322535134,2,1,2,93105
"2019",7,2.71428571428571,0,0.225134322535134,1,0,1,93105
"2019",10,3.6,0,0.225134322535134,1,0,2,93105
"2019",24,3.70833333333333,0,0.225134322535134,2,1,0,93105
"2019",37,4.10810810810811,1,0.225134322535134,2,1,2,93105
"2019",15,5,0,0.225134322535134,1,0,2,93105
"2019",11,2.90909090909091,0,0.225134322535134,1,0,0,93105
"2019",22,3.59090909090909,0,0.225134322535134,3,1,2,93105
"2019",49,3.6530612244898,0,0.225134322535134,2,1,2,93105
"2019",18,2,0,0.225134322535134,1,0,2,93105
"2019",11,2.27272727272727,0,0.225134322535134,2,1,3,93105
"2019",3,1,0,0.225134322535134,1,0,3,93105
"2019",89,4.19101123595506,1,0.225134322535134,2,0,2,93105
"2019",9,2.55555555555556,0,0.225134322535134,1,0,2,93105
"2019",32,3.625,0,0.225134322535134,1,0,2,93105
"2019",44,3.97727272727273,0,0.225134322535134,2,0,2,93105
"2019",83,4.43373493975904,1,-2.20372234320314,2,0,2,93108
"2019",2,5,0,-2.20372234320314,1,0,3,93108
"2019",4,3.75,0,-2.20372234320314,2,0,3,93108
"2019",3,3.33333333333333,0,-2.20372234320314,2,0,2,93108
"2019",13,3.61538461538462,0,-2.20372234320314,1,0,1,93108
"2019",6,4.83333333333333,0,-2.20372234320314,0,0,0,93108
"2019",11,2.81818181818182,0,-2.20372234320314,1,0,2,93108
"2019",50,4.46,1,-2.20372234320314,3,1,2,93108
"2019",16,3.125,0,-2.20372234320314,2,0,2,93108
"2019",112,4.4375,1,-2.20372234320314,2,1,2,93108
"2019",20,4.45,0,-2.20372234320314,4,1,3,93108
"2019",66,4.43939393939394,1,-2.20372234320314,3,1,2,93108
"2019",13,5,0,-2.20372234320314,1,0,3,93108
"2019",6,4,0,-2.20372234320314,3,1,2,93108
"2019",98,4.28571428571429,1,-2.20372234320314,2,1,2,93108
"2019",81,4.48148148148148,1,-2.20372234320314,2,0,2,93108
"2019",24,4.20833333333333,0,-2.20372234320314,3,1,2,93108
"2019",14,4.71428571428571,0,-2.04686733559069,1,0,2,93109
"2019",17,3.41176470588235,0,-2.04686733559069,2,1,2,93109
"2019",19,3.78947368421053,0,-2.04686733559069,2,0,2,93109
"2019",14,2.92857142857143,0,-2.04686733559069,2,0,2,93109
"2019",111,4.35135135135135,1,-2.04686733559069,2,1,2,93109
"2019",26,3.69230769230769,0,-2.04686733559069,2,0,2,93109
"2019",90,3.25555555555556,0,-2.04686733559069,2,1,2,93109
"2019",5,1.6,0,-2.04686733559069,1,0,3,93109
"2019",55,4.10909090909091,1,-2.04686733559069,2,0,2,93109
"2019",261,4.24137931034483,1,-2.04686733559069,2,1,1,93109
"2019",59,3.72881355932203,0,-2.04686733559069,2,1,2,93109
"2019",20,4.3,0,-2.04686733559069,2,0,2,93109
"2019",7,4.28571428571429,0,-2.04686733559069,1,0,1,93109
"2019",18,3.83333333333333,0,-2.04686733559069,2,1,2,93109
"2019",12,4,0,-2.04686733559069,2,0,3,93109
"2019",11,3.54545454545455,0,-2.04686733559069,1,0,2,93109
"2019",21,3.42857142857143,0,-2.04686733559069,2,0,2,93109
"2019",400,4.285,1,-2.04686733559069,2,1,2,93109
"2019",12,3.33333333333333,0,-2.04686733559069,1,0,0,93109
"2019",34,4.11764705882353,1,-2.04686733559069,2,0,1,93109
"2019",22,4.90909090909091,0,-2.04686733559069,2,0,3,93109
"2019",7,2.14285714285714,0,-2.04686733559069,1,0,1,93109
"2019",23,3.43478260869565,0,-2.04686733559069,3,0,3,93109
"2019",37,3.5945945945946,0,-2.04686733559069,2,0,2,93109
"2019",8,3.25,0,-1.43542032017269,1,0,3,93110
"2019",4,4.75,0,-1.43542032017269,2,0,3,93110
"2019",8,4.25,0,-1.43542032017269,1,0,0,93110
"2019",15,4.26666666666667,0,-1.43542032017269,2,1,2,93110
"2019",17,4.35294117647059,0,-1.43542032017269,1,1,2,93110
"2019",10,3,0,-1.43542032017269,2,0,2,93110
"2019",16,4,0,-1.43542032017269,1,0,0,93110
"2019",23,4.21739130434783,0,-1.43542032017269,2,0,0,93110
"2019",4,3,0,-1.43542032017269,2,0,2,93110
"2019",74,4,0,-1.43542032017269,2,0,1,93110
"2019",17,3.35294117647059,0,-1.43542032017269,2,0,0,93110
"2019",24,4.16666666666667,0,-1.52838326765787,2,0,2,93111
"2019",26,3.53846153846154,0,-1.52838326765787,2,1,2,93111
"2019",6,3,0,-1.52838326765787,2,0,2,93111
"2019",33,3.21212121212121,0,-1.52838326765787,2,0,2,93111
"2019",30,4.7,1,-1.52838326765787,2,0,3,93111
"2019",79,4.44303797468354,1,-1.52838326765787,1,0,2,93111
"2019",9,3.55555555555556,0,-1.52838326765787,1,0,2,93111
"2019",6,4.33333333333333,0,-1.52838326765787,0,0,0,93111
"2019",142,3.27464788732394,0,1.63203748653768,4,0,0,93117
"2019",39,4.33333333333333,1,1.63203748653768,4,1,2,93117
"2019",1,4,0,1.63203748653768,1,0,0,93117
"2019",25,3.44,0,1.63203748653768,3,0,2,93117
"2019",2,5,0,1.63203748653768,0,0,0,93117
"2019",2,5,0,1.63203748653768,0,1,0,93117
"2019",5,3,0,1.63203748653768,2,1,2,93117
